firstName_1,lastName_1,company_1,address_1,city_1,AL,12345,country_1,url_1,123-456-8901,fax_1
firstName_2,lastName_2,company_2,address_2,city_2,FL,123456789,country_2,url_2,123-456-8902,fax_2
firstName_3,lastName_3,company_3,address_3,city_3,TX,12345,country_3,url_3,123-456-8903,fax_3
firstName_4,lastName_4,company_4,address_4,city_4,XX,12345,country_4,url_4,123-456-8904,fax_4
firstName_5,lastName_5,company_5,address_5,city_5,TX,123456789,country_5,url_5,123-456-8905,fax_5
firstName_6,lastName_6,company_6,address_6,city_6,UT,12345,country_6,url_6,123-456-8906,fax_6
firstName_7,lastName_7,company_7,address_7,city_7,ND,12345,country_7,url_7,123-456-8907,fax_7
firstName_8,lastName_8,company_8,address_8,city_8,TX,12345,country_8,url_8,123-456-8908,fax_8
firstName_9,lastName_9,company_9,address_9,city_9,KY,12345,country_9,url_9,123-456-8909,fax_9
firstName_10,lastName_10,company_10,address_10,city_10,NE,123456789,country_10,url_10,123-456-8910,fax_10
